brand,product name,quantity,price,expected delivery,image,category
  Fresho,Palak,100 g - Rs 16.00,Rs 16,Standard Delivery: Tomorrow 8:00AM - 10:00AM,https://www.bigbasket.com/media/uploads/p/s/10000389_11-fresho-palak.jpg,Fruits & Vegetables
  Fresho,Lemon,250 g,Rs 12.38,Standard Delivery: Tomorrow 8:00AM - 10:00AM,https://www.bigbasket.com/media/uploads/p/s/10000127_17-fresho-lemon.jpg,Fruits & Vegetables
Fresho,Potato Onion Tomato 1 kg Each,Combo 3 Items,Rs 115,Standard Delivery: Tomorrow 8:00AM - 10:00AM,https://www.bigbasket.com/media/uploads/p/s/1200045_1-fresho-potato-onion-tomato-1-kg-each.jpg,Fruits & Vegetables
  Fresho,Tomato - Hybrid,500 g - Rs 11.00,Rs 11,Standard Delivery: Tomorrow 8:00AM - 10:00AM,https://www.bigbasket.com/media/uploads/p/s/10000201_15-fresho-tomato-hybrid.jpg,Fruits & Vegetables
  Fresho,Coriander Leaves,100 g - Rs16.00,Rs 16,Standard Delivery: Tomorrow 8:00AM - 10:00AM,https://www.bigbasket.com/media/uploads/p/s/10000097_19-fresho-coriander-leaves.jpg,Fruits & Vegetables
  Fresho,Cauliflower,1 pc (approx. 400 to 600 g) - Rs14.85,Rs 14.85,Standard Delivery: Tomorrow 8:00AM - 10:00AM,https://www.bigbasket.com/media/uploads/p/s/10000074_19-fresho-cauliflower.jpg,Fruits & Vegetables
  Fresho,Mushrooms - Button,1 pack (Approx .180g - 200 g),Rs 49,Standard Delivery: Tomorrow 8:00AM - 10:00AM,https://www.bigbasket.com/media/uploads/p/s/10000273_16-fresho-mushrooms-button.jpg,Fruits & Vegetables
  Fresho,Capsicum - Green,500 g - Rs17.82,Rs 17.82,Standard Delivery: Tomorrow 8:00AM - 10:00AM,https://www.bigbasket.com/media/uploads/p/s/10000069_20-fresho-capsicum-green.jpg,Fruits & Vegetables
  Fresho,"Tomato - Local, Organically Grown",500 g,Rs 13,Standard Delivery: Tomorrow 8:00AM - 10:00AM,https://www.bigbasket.com/media/uploads/p/s/40022638_3-fresho-tomato-local-organically-grown.jpg,Fruits & Vegetables
  Fresho,Coconut - Medium,1 pc,Rs 34,Standard Delivery: Tomorrow 8:00AM - 10:00AM,https://www.bigbasket.com/media/uploads/p/s/10000093_16-fresho-coconut-medium.jpg,Fruits & Vegetables
  Fresho,Tender Coconut - Medium,1 pc,Rs 39,Standard Delivery: Tomorrow 8:00AM - 10:00AM,https://www.bigbasket.com/media/uploads/p/s/40057966_2-fresho-tender-coconut-medium.jpg,Fruits & Vegetables
  Fresho,Pomegranate,6 pcs (approx. 1.08 - 1.2 kg),Rs 299,Standard Delivery: Tomorrow 8:00AM - 10:00AM,https://www.bigbasket.com/media/uploads/p/s/10000268_27-fresho-pomegranate.jpg,Fruits & Vegetables
  Fresho,Pomegranate,4 pcs (approx. 800 - 880 g) - Rs229.00,Rs 229,Standard Delivery: Tomorrow 8:00AM - 10:00AM,https://www.bigbasket.com/media/uploads/p/s/10000269_28-fresho-pomegranate.jpg,Fruits & Vegetables
  Fresho,Tomato - Local,500 g - Rs 9.00,Rs 9,Standard Delivery: Tomorrow 8:00AM - 10:00AM,https://www.bigbasket.com/media/uploads/p/s/10000204_16-fresho-tomato-local.jpg,Fruits & Vegetables
  bb Popular,Peanuts/Mungaphali - Raw,200 g Pouch - Rs 29.00,Rs 29,Standard Delivery: Tomorrow 8:00AM - 10:00AM,https://www.bigbasket.com/media/uploads/p/s/30010384_10-bb-popular-peanutsmungaphali-raw.jpg,"Foodgrains, Oil & Masala"
  Nandini,Pure Ghee,4.1,Rs 452,Standard Delivery: Tomorrow 8:00AM - 10:00AM,https://www.bigbasket.com/media/uploads/p/s/213273_7-nandini-pure-ghee.jpg,"Foodgrains, Oil & Masala"
  bb Royal,Maida,4,Rs 72,Standard Delivery: Tomorrow 8:00AM - 10:00AM,https://www.bigbasket.com/media/uploads/p/s/40044729_4-bb-royal-maida.jpg,"Foodgrains, Oil & Masala"
  bb Royal,Sooji Ordinary/Bombay Rava,1 kg Pouch - Rs 42.00,Rs 42,Standard Delivery: Tomorrow 8:00AM - 10:00AM,https://www.bigbasket.com/media/uploads/p/s/10000423_11-bb-royal-sooji-ordinarybombay-rava.jpg,"Foodgrains, Oil & Masala"
  bb Popular,"Almond/Badam - Californian, Giri",3.9,Rs 314,Standard Delivery: Tomorrow 8:00AM - 10:00AM,https://www.bigbasket.com/media/uploads/p/s/10000549_12-bb-popular-almondbadam-californian-giri.jpg,"Foodgrains, Oil & Masala"
  bb Popular,Moong Dal,4,Rs 119,Standard Delivery: Tomorrow 8:00AM - 10:00AM,https://www.bigbasket.com/media/uploads/p/s/30005420_10-bb-popular-moong-dal.jpg,"Foodgrains, Oil & Masala"
  bb Popular,Toor/Arhar Dal,3.9,Rs 121,Standard Delivery: Tomorrow 8:00AM - 10:00AM,https://www.bigbasket.com/media/uploads/p/s/10000428_16-bb-popular-toorarhar-dal.jpg,"Foodgrains, Oil & Masala"
  bb Popular,Cashew/Kaju - Whole,3.9,Rs 429,Standard Delivery: Tomorrow 8:00AM - 10:00AM,https://www.bigbasket.com/media/uploads/p/s/10000551_9-bb-popular-cashewkaju-whole.jpg,"Foodgrains, Oil & Masala"
  Tata Salt,Iodized,4.2,Rs 20.79,Standard Delivery: Tomorrow 8:00AM - 10:00AM,https://www.bigbasket.com/media/uploads/p/s/241600_5-tata-salt-iodized.jpg,"Foodgrains, Oil & Masala"
  bb Royal,Toor Dal/Arhar Dal - Desi,4,Rs 650,Standard Delivery: Tomorrow 8:00AM - 10:00AM,https://www.bigbasket.com/media/uploads/p/s/40042841_6-bb-royal-toor-dalarhar-dal-desi.jpg,"Foodgrains, Oil & Masala"
  bb Royal,Organic - Almond/Badam,500 g - Rs 499.00,Rs 499,Standard Delivery: Tomorrow 8:00AM - 10:00AM,https://www.bigbasket.com/media/uploads/p/s/40101871_9-bb-royal-organic-almondbadam.jpg,"Foodgrains, Oil & Masala"
bb Royal,Poha/Avalakki/Aval/Chivda - Thick,1 kg Pouch - Rs 47.00,Rs 47,Standard Delivery: Tomorrow 8:00AM - 10:00AM,https://www.bigbasket.com/media/uploads/p/s/10000431_17-bb-royal-pohaavalakkiavalchivda-thick.jpg,"Foodgrains, Oil & Masala"
  bb Popular,"Rice - Raw, Sona Masoori",25 kg (6 - 11 Months Old) - Rs 1049.00,Rs 1049,Standard Delivery: Tomorrow 8:00AM - 10:00AM,https://www.bigbasket.com/media/uploads/p/s/20001215_10-bb-popular-rice-raw-sona-masoori.jpg,"Foodgrains, Oil & Masala"
bb Royal,Superior Chakki Wheat Atta - Fortified,4,Rs 82,Standard Delivery: Tomorrow 8:00AM - 10:00AM,https://www.bigbasket.com/media/uploads/p/s/1203711_1-bb-royal-superior-chakki-wheat-atta-fortified.jpg,"Foodgrains, Oil & Masala"
  Nandini GoodLife,Toned Milk,4.1,Rs 48.51,Standard Delivery: Tomorrow 8:00AM - 10:00AM,https://www.bigbasket.com/media/uploads/p/s/100285703_15-nandini-goodlife-toned-milk.jpg,"Bakery, Cakes & Dairy"
  Amul,Malai Paneer,3.9,Rs 74.25,Standard Delivery: Tomorrow 8:00AM - 10:00AM,https://www.bigbasket.com/media/uploads/p/s/279588_6-amul-malai-paneer.jpg,"Bakery, Cakes & Dairy"
Amul Taaza,Toned Milk,4.1,Rs 760.32,Standard Delivery: Tomorrow 8:00AM - 10:00AM,https://www.bigbasket.com/media/uploads/p/s/1200166_2-amul-taaza-toned-milk.jpg,"Bakery, Cakes & Dairy"
  Fresho,"Whole Wheat Bread - Safe, Preservative Free",400 g - Rs38.61,Rs 38.61,Standard Delivery: Tomorrow 8:00AM - 10:00AM,https://www.bigbasket.com/media/uploads/p/s/40025355_6-fresho-whole-wheat-bread-safe-preservative-free.jpg,"Bakery, Cakes & Dairy"
Nandini GoodLife,Toned Milk,3.8,Rs 499,Standard Delivery: Tomorrow 8:00AM - 10:00AM,https://www.bigbasket.com/media/uploads/p/s/244999_1-nandini-goodlife-toned-milk.jpg,"Bakery, Cakes & Dairy"
  Amul,Masti Buttermilk - Spice,4.2,Rs 11.88,Standard Delivery: Tomorrow 8:00AM - 10:00AM,https://www.bigbasket.com/media/uploads/p/s/161899_8-amul-masti-buttermilk-spice.jpg,"Bakery, Cakes & Dairy"
  Amul,Cheese Slices,4.1,Rs 117,Standard Delivery: Tomorrow 4:30PM-7:30PM,https://www.bigbasket.com/media/uploads/p/s/104808_7-amul-cheese-slices.jpg,"Bakery, Cakes & Dairy"
  Fresho,"Bread - Whole Wheat, Chemical Free 400G + Eggs - Regular 6pcs",Combo 2 Items,Rs 83.61,Standard Delivery: Tomorrow 8:00AM - 10:00AM,https://www.bigbasket.com/media/uploads/p/s/1204354_1-fresho-bread-whole-wheat-chemical-free-400g-eggs-regular-6pcs.jpg,"Bakery, Cakes & Dairy"
  Fresho,"Sandwich Bread - Safe, Preservative Free",200 g - Rs 28.71,Rs 28.71,Standard Delivery: Tomorrow 8:00AM - 10:00AM,https://www.bigbasket.com/media/uploads/p/s/40087525_2-fresho-sandwich-bread-safe-preservative-free.jpg,"Bakery, Cakes & Dairy"
  Fresho,"Sandwich Bread - White, Chemical Free 400G + Eggs - Regular 6pcs",Combo 2 Items,Rs 83.61,Standard Delivery: Tomorrow 8:00AM - 10:00AM,https://www.bigbasket.com/media/uploads/p/s/1204352_1-fresho-sandwich-bread-white-chemical-free-400g-eggs-regular-6pcs.jpg,"Bakery, Cakes & Dairy"
  Fresho,"Bread - Brown, Chemical Free 400G + Eggs - Regular 6pcs",Combo 2 Items,Rs 83.61,Standard Delivery: Tomorrow 8:00AM - 10:00AM,https://www.bigbasket.com/media/uploads/p/s/1204353_1-fresho-bread-brown-chemical-free-400g-eggs-regular-6pcs.jpg,"Bakery, Cakes & Dairy"
Milky Mist,Natural Set Curd,4,Rs 196.02,Standard Delivery: Tomorrow 8:00AM - 10:00AM,https://www.bigbasket.com/media/uploads/p/s/1209134_2-milky-mist-natural-set-curd.jpg,"Bakery, Cakes & Dairy"
Milky Mist,Cheese - Mozzarella Pizza,3.9,Rs 105,Standard Delivery: Tomorrow 8:00AM - 10:00AM,https://www.bigbasket.com/media/uploads/p/s/40003157_1-milky-mist-cheese-mozzarella-pizza.jpg,"Bakery, Cakes & Dairy"
Nandini GoodLife,Skimmed Milk,3.7,Rs 23.76,Standard Delivery: Tomorrow 8:00AM - 10:00AM,https://www.bigbasket.com/media/uploads/p/s/242673_1-nandini-goodlife-skimmed-milk.jpg,"Bakery, Cakes & Dairy"
Coca-Cola,Soft Drink,4.2,Rs 210,Standard Delivery: Tomorrow 8:00AM - 10:00AM,https://www.bigbasket.com/media/uploads/p/s/1208181_1-coca-cola-soft-drink.jpg,Beverages
Cothas Coffee,4.2,1952 Ratings,Rs 217.50,Standard Delivery: Tomorrow 8:00AM - 10:00AM,https://www.bigbasket.com/media/uploads/p/s/186070_8-cothas-coffee-.jpg,Beverages
Frooti,Drink - Fresh 'N' Juicy Mango,150 ml Tetra - Rs 9.40,Rs 9.40,Standard Delivery: Tomorrow 8:00AM - 10:00AM,https://www.bigbasket.com/media/uploads/p/s/274035_6-frooti-drink-fresh-n-juicy-mango.jpg,Beverages
  Thums Up,Soft Drink,4.1,Rs 1596,Standard Delivery: Tomorrow 4:30PM-7:30PM,https://www.bigbasket.com/media/uploads/p/s/1212285_1-thums-up-soft-drink.jpg,Beverages
  Amul,Masti Buttermilk - Spice,4.2,Rs 11.88,Standard Delivery: Tomorrow 8:00AM - 10:00AM,https://www.bigbasket.com/media/uploads/p/s/161899_8-amul-masti-buttermilk-spice.jpg,Beverages
Schweppes,Soda - Original Ginger Ale,4.2,Rs 297,Standard Delivery: Tomorrow 8:00AM - 10:00AM,https://www.bigbasket.com/media/uploads/p/s/1208190_1-schweppes-soda-original-ginger-ale.jpg,Beverages
Bournvita,Pro-Health Drink - Chocolate,4.2,Rs 514,Standard Delivery: Tomorrow 8:00AM - 10:00AM,https://www.bigbasket.com/media/uploads/p/s/1204514_2-bournvita-pro-health-drink-chocolate.jpg,Beverages
  Tata Tea Gold,Leaf Tea 1 kg + Leaf Tea 250 g,Combo 2 Items,Rs 676,Standard Delivery: Tomorrow 8:00AM - 10:00AM,https://www.bigbasket.com/media/uploads/p/s/1209750_2-tata-tea-gold-leaf-tea-1-kg-leaf-tea-250-g.jpg,Beverages
Yakult,Probiotic Health Drink,4.1,Rs 277.20,Standard Delivery: Tomorrow 8:00AM - 10:00AM,https://www.bigbasket.com/media/uploads/p/s/1209279_3-yakult-probiotic-health-drink.jpg,Beverages
Tropicana,Fruit Juice - Mixed Fruit Delight,2x1 L Multipack - Rs 129.89,Rs 129.89,Standard Delivery: Tomorrow 8:00AM - 10:00AM,https://www.bigbasket.com/media/uploads/p/s/1206500_2-tropicana-fruit-juice-mixed-fruit-delight.jpg,Beverages
  Sprite,Soft Drink,4.1,Rs 399,Standard Delivery: Tomorrow 8:00AM - 10:00AM,https://www.bigbasket.com/media/uploads/p/s/1212277_1-sprite-soft-drink.jpg,Beverages
  Bru,Instant Coffee,4.2,Rs 306,Standard Delivery: Tomorrow 8:00AM - 10:00AM,https://www.bigbasket.com/media/uploads/p/s/266579_20-bru-instant-coffee.jpg,Beverages
Paper Boat,"Coconut Water - Refreshing Flavour, Vital Electrolytes",6x200 ml Multipack - Rs 246.51,Rs 246.51,Standard Delivery: Tomorrow 8:00AM - 10:00AM,https://www.bigbasket.com/media/uploads/p/s/1206628_5-paper-boat-coconut-water-refreshing-flavour-vital-electrolytes.jpg,Beverages
  Horlicks,Health & Nutrition Drink - Classic Malt,4.3,Rs 408,Standard Delivery: Tomorrow 8:00AM - 10:00AM,https://www.bigbasket.com/media/uploads/p/s/119385_11-horlicks-health-nutrition-drink-classic-malt.jpg,Beverages
  Parle,Gluco Biscuits - Parle-G,4.2,Rs 62.37,Standard Delivery: Tomorrow 8:00AM - 10:00AM,https://www.bigbasket.com/media/uploads/p/s/102102_4-parle-gluco-biscuits-parle-g.jpg,Snacks & Branded Foods
Britannia,Bourbon Cream Biscuit - Chocolate Flavor,4.1,Rs 44.56,Standard Delivery: Tomorrow 8:00AM - 10:00AM,https://www.bigbasket.com/media/uploads/p/s/1201309_2-britannia-bourbon-cream-biscuit-chocolate-flavor.jpg,Snacks & Branded Foods
  Quaker,Oats,4.2,Rs 208,Standard Delivery: Tomorrow 8:00AM - 10:00AM,https://www.bigbasket.com/media/uploads/p/s/284405_11-quaker-oats.jpg,Snacks & Branded Foods
  MAGGI,Noodles - Masala 280 gm + Ketchup Tomato 1 kg,Combo 2 Items,Rs 192.54,MRP:,https://www.bigbasket.com/media/uploads/p/s/1200218_1-maggi-noodles-masala-280-gm-ketchup-tomato-1-kg.jpg,Snacks & Branded Foods
  Kissan,Fresh Tomato Ketchup,4.2,Rs 105,Standard Delivery: Tomorrow 8:00AM - 10:00AM,https://www.bigbasket.com/media/uploads/p/s/40029538_31-kissan-fresh-tomato-ketchup.jpg,Snacks & Branded Foods
  Britannia,Good Day Cashew Cookies,4.1,Rs 87,Standard Delivery: Tomorrow 8:00AM - 10:00AM,https://www.bigbasket.com/media/uploads/p/s/40083744_4-britannia-good-day-cashew-cookies.jpg,Snacks & Branded Foods
  Lays,Potato Chips - Calm Cream & Onion Flavour,4.1,Rs 9.90,Standard Delivery: Tomorrow 8:00AM - 10:00AM,https://www.bigbasket.com/media/uploads/p/s/294297_12-lays-potato-chips-calm-cream-onion-flavour.jpg,Snacks & Branded Foods
  Lays,Potato Chips - American Style Cream & Onion Flavour,4.2,Rs 18.81,Standard Delivery: Tomorrow 8:00AM - 10:00AM,https://www.bigbasket.com/media/uploads/p/s/102745_9-lays-potato-chips-american-style-cream-onion-flavour.jpg,Snacks & Branded Foods
Britannia,Biscuits - Marie Gold,4.1,Rs 51,Standard Delivery: Tomorrow 4:30PM-7:30PM,https://www.bigbasket.com/media/uploads/p/s/1201303_2-britannia-biscuits-marie-gold.jpg,Snacks & Branded Foods
  MAGGI,Nutri-licious Masala Veg Atta Noodles - Pouch,4.1,Rs 80,Standard Delivery: Tomorrow 8:00AM - 10:00AM,https://www.bigbasket.com/media/uploads/p/s/266096_22-maggi-nutri-licious-masala-veg-atta-noodles-pouch.jpg,Snacks & Branded Foods
  Cadbury Dairy Milk,Chocolate,4.2,Rs 100.86,Standard Delivery: Tomorrow 8:00AM - 10:00AM,https://www.bigbasket.com/media/uploads/p/s/1200590_3-cadbury-dairy-milk-chocolate.jpg,Snacks & Branded Foods
  Desi,Hakka Noodles - Veg,4,Rs 64.35,Standard Delivery: Tomorrow 8:00AM - 10:00AM,https://www.bigbasket.com/media/uploads/p/s/40141483_1-desi-hakka-noodles-veg.jpg,Snacks & Branded Foods
  Parle,Hide & Seek Chocolate,4.2,Rs 28.22,Standard Delivery: Tomorrow 8:00AM - 10:00AM,https://www.bigbasket.com/media/uploads/p/s/302121_14-parle-hide-seek-chocolate.jpg,Snacks & Branded Foods
  Kelloggs,Chocos,4.2,Rs 132,Standard Delivery: Tomorrow 8:00AM - 10:00AM,https://www.bigbasket.com/media/uploads/p/s/122650_7-kelloggs-chocos.jpg,Snacks & Branded Foods
  Farm Made,Eggs - Free Range,12 pcs,Rs 208,Standard Delivery: Tomorrow 8:00AM - 10:00AM,https://www.bigbasket.com/media/uploads/p/s/40117922_2-farm-made-eggs-free-range.jpg,"Eggs, Meat & Fish"
  Fresho,"Chicken Curry Cut - With Skin, Antibiotic Residue-Free, Growth Hormone-Free, 12-14 pcs",500 g,Rs 108,Standard Delivery: Tomorrow 8:00AM - 10:00AM,https://www.bigbasket.com/media/uploads/p/s/10000926_9-fresho-chicken-curry-cut-with-skin-antibiotic-residue-free-growth-hormone-free-12-14-pcs.jpg,"Eggs, Meat & Fish"
  Fresho,"Rohu Fish - Large, Curry Cut/Bengali Cut, Preservative Free, 12-15 pcs","1 kg (Gross Fish Weight 1.4-1.5 kg, Net Weight After Cleaning 1 kg) - Rs",Rs 449,Standard Delivery: Tomorrow 8:00AM - 10:00AM,https://www.bigbasket.com/media/uploads/p/s/10000756_34-fresho-rohu-fish-large-curry-cutbengali-cut-preservative-free-12-15-pcs.jpg,"Eggs, Meat & Fish"
  Farm Made,Eggs - Free Range,6 pcs,Rs 119,Standard Delivery: Tomorrow 8:00AM - 10:00AM,https://www.bigbasket.com/media/uploads/p/s/40092369_6-farm-made-eggs-free-range.jpg,"Eggs, Meat & Fish"
  Fresho,"Mixed Chicken Pieces - Boneless, Antibiotic Residue-Free, Growth Hormone-Free, 4-6 pcs",500 g,Rs 298,Standard Delivery: Tomorrow 8:00AM - 10:00AM,https://www.bigbasket.com/media/uploads/p/s/10000924_11-fresho-mixed-chicken-pieces-boneless-antibiotic-residue-free-growth-hormone-free-4-6-pcs.jpg,"Eggs, Meat & Fish"
  Fresho,"Catla Fish - Large, Curry Cut/Bengali Cut, Preservative Free, 12-15 pcs","1 kg (Gross Fish Weight 1.4-1.5 kg, Net Weight After Cleaning 1 kg) - Rs",Rs 599,Standard Delivery: Tomorrow 4:30PM-7:30PM,https://www.bigbasket.com/media/uploads/p/s/10000755_27-fresho-catla-fish-large-curry-cutbengali-cut-preservative-free-12-15-pcs.jpg,"Eggs, Meat & Fish"
  Fresho,"Farm Eggs - Brown, Medium, Antibiotic Residue-Free, Growth Hormone-Free",6 pcs,Rs 75,Standard Delivery: Tomorrow 8:00AM - 10:00AM,https://www.bigbasket.com/media/uploads/p/s/40038379_6-fresho-farm-eggs-brown-medium-antibiotic-residue-free-growth-hormone-free.jpg,"Eggs, Meat & Fish"
  Fresho,Basa Fish Fillet - Preservative Free,"1 kg (Gross Fish Weight 2.1-2.2 kg, Net Weight After Cleaning 1 kg) - Rs",Rs 699,Standard Delivery: Tomorrow 4:30PM-7:30PM,https://www.bigbasket.com/media/uploads/p/s/40048878_2-fresho-basa-fish-fillet-preservative-free.jpg,"Eggs, Meat & Fish"
  Fresho,"Chicken Mince - Antibiotic Residue Free, Growth Hormone-Free",500 g - Rs199.00,Rs 199,Standard Delivery: Tomorrow 4:30PM-7:30PM,https://www.bigbasket.com/media/uploads/p/s/10000906_9-fresho-chicken-mince-antibiotic-residue-free-growth-hormone-free.jpg,"Eggs, Meat & Fish"
  Fresho,"White Prawns - Medium, Unpeeled, 30-40 pcs","500 g (Gross Weight 600-650 g, Net Weight After Cleaning 500 g)",Rs 499,Standard Delivery: Tomorrow 8:00AM - 10:00AM,https://www.bigbasket.com/media/uploads/p/s/10000971_13-fresho-white-prawns-medium-unpeeled-30-40-pcs.jpg,"Eggs, Meat & Fish"
  Fresho,"Chicken Liver - Antibiotic Residue-Free, Growth Hormone-Free",500 g,Rs 84,Standard Delivery: Tomorrow 8:00AM - 10:00AM,https://www.bigbasket.com/media/uploads/p/s/10000916_11-fresho-chicken-liver-antibiotic-residue-free-growth-hormone-free.jpg,"Eggs, Meat & Fish"
  Ayur Plus,Eggs,6 pcs,Rs 74.25,Standard Delivery: Tomorrow 8:00AM - 10:00AM,https://www.bigbasket.com/media/uploads/p/s/40106728_5-ayur-plus-eggs.jpg,"Eggs, Meat & Fish"
  UPF,Healthy Brown Eggs,6 pcs,Rs 74,Standard Delivery: Tomorrow 8:00AM - 10:00AM,https://www.bigbasket.com/media/uploads/p/s/40161158_2-upf-healthy-brown-eggs.jpg,"Eggs, Meat & Fish"
  UPF,Healthy Daily Eggs,6 pcs,Rs 64.35,Standard Delivery: Tomorrow 8:00AM - 10:00AM,https://www.bigbasket.com/media/uploads/p/s/40161157_2-upf-healthy-daily-eggs.jpg,"Eggs, Meat & Fish"
GoodDiet,Ragi Sticks - Achari Masala,5x30 g (Multipack) - Rs 70.00,Rs 70,Standard Delivery: Tomorrow 8:00AM - 10:00AM,https://www.bigbasket.com/media/uploads/p/s/1208395_5-gooddiet-ragi-sticks-achari-masala.jpg,Gourmet & World Food
  Disano,Olive Oil - Extra Virgin,4.4,Rs 664.05,Standard Delivery: Tomorrow 8:00AM - 10:00AM,https://www.bigbasket.com/media/uploads/p/s/40016670_7-disano-olive-oil-extra-virgin.jpg,Gourmet & World Food
  Raw Pressery,100% Natural Cold Pressed Juice - Valencia Orange,4.2,Rs 912,Standard Delivery: Tomorrow 8:00AM - 10:00AM,https://www.bigbasket.com/media/uploads/p/s/1212124_1-raw-pressery-100-natural-cold-pressed-juice-valencia-orange.jpg,Gourmet & World Food
  Epigamia,Greek Yogurt - Natural,4.1,Rs 178.20,Standard Delivery: Tomorrow 8:00AM - 10:00AM,https://www.bigbasket.com/media/uploads/p/s/1200551_3-epigamia-greek-yogurt-natural.jpg,Gourmet & World Food
  BORGES,Durum Wheat Pasta - Fusilli,4.3,Rs 125,Standard Delivery: Tomorrow 8:00AM - 10:00AM,https://www.bigbasket.com/media/uploads/p/s/303129_1-borges-durum-wheat-pasta-fusilli.jpg,Gourmet & World Food
  Epigamia,Greek Yogurt - Alphonso Mango,3.9,Rs 178.20,Standard Delivery: Tomorrow 8:00AM - 10:00AM,https://www.bigbasket.com/media/uploads/p/s/1200550_3-epigamia-greek-yogurt-alphonso-mango.jpg,Gourmet & World Food
GoodDiet,Multigrain Puffs - Butter Makhana,5x30 g (Multipack) - Rs 70.00,Rs 70,Standard Delivery: Tomorrow 8:00AM - 10:00AM,https://www.bigbasket.com/media/uploads/p/s/1208398_5-gooddiet-multigrain-puffs-butter-makhana.jpg,Gourmet & World Food
Kara,Coconut Milk - UHT Natural,4.4,Rs 266,Standard Delivery: Tomorrow 8:00AM - 10:00AM,https://www.bigbasket.com/media/uploads/p/s/1200391_2-kara-coconut-milk-uht-natural.jpg,Gourmet & World Food
  Cornitos,Nacho Crisps - Peri Peri,4.1,Rs 33,Standard Delivery: Tomorrow 8:00AM - 10:00AM,https://www.bigbasket.com/media/uploads/p/s/40071518_4-cornitos-nacho-crisps-peri-peri.jpg,Gourmet & World Food
GoodDiet,Multigrain Puffs - Tangy Tomato,5x30 g (Multipack) - Rs 70.00,Rs 70,Standard Delivery: Tomorrow 8:00AM - 10:00AM,https://www.bigbasket.com/media/uploads/p/s/1208402_4-gooddiet-multigrain-puffs-tangy-tomato.jpg,Gourmet & World Food
  BORGES,Durum Wheat Pasta - Spaghetti,4.4,Rs 105,Standard Delivery: Tomorrow 4:30PM-7:30PM,https://www.bigbasket.com/media/uploads/p/s/303124_4-borges-durum-wheat-pasta-spaghetti.jpg,Gourmet & World Food
  Epigamia,Greek Yogurt - Blueberry,4,Rs 356.40,Standard Delivery: Tomorrow 8:00AM - 10:00AM,https://www.bigbasket.com/media/uploads/p/s/1212334_1-epigamia-greek-yogurt-blueberry.jpg,Gourmet & World Food
Nescafe,Gold Blend Instant Coffee Powder - Rich & Smooth,4.5,Rs 855,Standard Delivery: Tomorrow 8:00AM - 10:00AM,https://www.bigbasket.com/media/uploads/p/s/40154924_2-nescafe-gold-blend-instant-coffee-powder-rich-smooth.jpg,Gourmet & World Food
GoodDiet,Multigrain Bread Chips - Chilli Orange,5x30 g (Multipack) - Rs 70.00,Rs 70,Standard Delivery: Tomorrow 8:00AM - 10:00AM,https://www.bigbasket.com/media/uploads/p/s/1208403_4-gooddiet-multigrain-bread-chips-chilli-orange.jpg,Gourmet & World Food
